2024-11-03 21:58 - INFO - Tables read successfully.
2024-11-03 21:58 - INFO - Columns united.
2024-11-03 21:58 - INFO - Renamed cols.
2024-11-03 21:58 - INFO - shape: (5, 5)
┌─────────────────────────────────┬──────────────┬───────────┬──────────────────────┬─────────────────────────────────┐
│ Univerzita                      ┆ ERASMUS CODE ┆ Město     ┆ Stát                 ┆ Obory                           │
│ ---                             ┆ ---          ┆ ---       ┆ ---                  ┆ ---                             │
│ str                             ┆ str          ┆ str       ┆ str                  ┆ str                             │
╞═════════════════════════════════╪══════════════╪═══════════╪══════════════════════╪═════════════════════════════════╡
│ Akdeniz Üniversitesi            ┆ TR ANTALYA01 ┆ Antalya   ┆ Turecká republika    ┆ Biologické a příbuzné vědy      │
│ ALANYA HEP UNIVERSITY           ┆ TR ANTALYA04 ┆ Alanya    ┆ Turecká republika    ┆ Informační a komunikační techn… │
│ ALGEBRA UNIVERSITY COLLEGE      ┆ HR ZAGREB11  ┆ ZAGREB    ┆ Chorvatská republika ┆ Informační a komunikační techn… │
│ Canakkale Onsekiz Mart Ünivers… ┆ TR CANAKKA01 ┆ Canakkale ┆ Turecká republika    ┆ Biologické a příbuzné vědy – o… │
│ Dokuz Eylül Üniversitesi, Izmi… ┆ TR IZMIR01   ┆ Izmir     ┆ Turecká republika    ┆ Biologické a příbuzné vědy, Ma… │
└─────────────────────────────────┴──────────────┴───────────┴──────────────────────┴─────────────────────────────────┘
2024-11-03 21:58 - INFO - Fetched url.
2024-11-03 21:58 - INFO - shape: (5, 6)
┌─────────────────────────────────┬──────────────┬───────────┬──────────────────────┬─────────────────────────────────┬─────────────────────────────────┐
│ Univerzita                      ┆ ERASMUS CODE ┆ Město     ┆ Stát                 ┆ Obory                           ┆ URL                             │
│ ---                             ┆ ---          ┆ ---       ┆ ---                  ┆ ---                             ┆ ---                             │
│ str                             ┆ str          ┆ str       ┆ str                  ┆ str                             ┆ str                             │
╞═════════════════════════════════╪══════════════╪═══════════╪══════════════════════╪═════════════════════════════════╪═════════════════════════════════╡
│ Akdeniz Üniversitesi            ┆ TR ANTALYA01 ┆ Antalya   ┆ Turecká republika    ┆ Biologické a příbuzné vědy      ┆ http://www.akdeniz.edu.tr       │
│ ALANYA HEP UNIVERSITY           ┆ TR ANTALYA04 ┆ Alanya    ┆ Turecká republika    ┆ Informační a komunikační techn… ┆ https://www.alanyauniversity.e… │
│ ALGEBRA UNIVERSITY COLLEGE      ┆ HR ZAGREB11  ┆ ZAGREB    ┆ Chorvatská republika ┆ Informační a komunikační techn… ┆ https://www.algebra.hr          │
│ Canakkale Onsekiz Mart Ünivers… ┆ TR CANAKKA01 ┆ Canakkale ┆ Turecká republika    ┆ Biologické a příbuzné vědy – o… ┆ www.comu.edu.tr                 │
│ Dokuz Eylül Üniversitesi, Izmi… ┆ TR IZMIR01   ┆ Izmir     ┆ Turecká republika    ┆ Biologické a příbuzné vědy, Ma… ┆ http://www.deu.edu.tr           │
└─────────────────────────────────┴──────────────┴───────────┴──────────────────────┴─────────────────────────────────┴─────────────────────────────────┘
2024-11-03 21:58 - WARNING - Retrying (Retry(total=1, connect=None, read=None, redirect=None, status=None)) after connection broken by 'ReadTimeoutError("HTTPSConnectionPool(host='nominatim.openstreetmap.org', port=443): Read timed out. (read timeout=1)")': /search?q=UNIVERSITA+DEGLI+STUDI+DI+TRIESTE&format=json&limit=1
2024-11-03 21:58 - WARNING - Retrying (Retry(total=1, connect=None, read=None, redirect=None, status=None)) after connection broken by 'ReadTimeoutError("HTTPSConnectionPool(host='nominatim.openstreetmap.org', port=443): Read timed out. (read timeout=1)")': /search?q=ALANYA+HEP+UNIVERSITY&format=json&limit=1
2024-11-03 21:58 - INFO - BG ROUSSE01 - None
2024-11-03 21:58 - INFO - D  DORTMUN01 - Technische Universität Dortmund, Emil-Figge-Straße, Studentendorf Dortmund, Barop, Hombruch, Dortmund, Nordrhein-Westfalen, 44227, Deutschland (51.49148435, 7.4122738886856805)
2024-11-03 21:58 - INFO - D  DRESDEN02 - Technische Universität Dresden, Kreischa, Sächsische Schweiz-Osterzgebirge, Sachsen, 01731, Deutschland (51.028276500000004, 13.735982754935176)
2024-11-03 21:58 - INFO - D  GIESSEN01 - Justus-Liebig-Universität - Campusbereich Philosophikum I, 10, Otto-Behaghel-Straße, Schiffenberger Tal, Gießen, Linden, Landkreis Gießen, Hessen, 35394, Deutschland (50.57630295, 8.694097864600673)
2024-11-03 21:58 - INFO - D  KAISERS01 - Rheinland-Pfälzische Technische Universität, Campus Kaiserslautern, Gottlieb-Daimler-Straße, Uni-Wohnstadt, Kaiserslautern, Rheinland-Pfalz, 67663, Deutschland (49.4246142, 7.754214153273509)
2024-11-03 21:58 - INFO - D  KOTHEN01 - Hochschule Anhalt, Fasanerieallee, Köthen, Köthen (Anhalt), Anhalt-Bitterfeld, Sachsen-Anhalt, 06366, Deutschland (51.754683150000005, 11.959005355601846)
2024-11-03 21:58 - INFO - D  LEIPZIG01 - Universität Leipzig, Magazingasse, Zentrum, Mitte, Leipzig, Sachsen, 04109, Deutschland (51.33845385, 12.37863856850984)
2024-11-03 21:58 - INFO - D  ROSTOCK01 - Universität Rostock, Zingst, Vorpommern-Rügen, Mecklenburg-Vorpommern, 18374, Deutschland (54.4309852, 12.6858664)
2024-11-03 21:58 - INFO - D  SIGMARI01 - Gebäude 102, 51/2, Anton-Günther-Straße, Sigmaringen, Gemeindeverwaltungsverband Sigmaringen, Landkreis Sigmaringen, Baden-Württemberg, 72488, Deutschland (48.088451, 9.239541205851939)
2024-11-03 21:58 - INFO - D  WURZBUR01 - Universität Würzburg, Beatrice-Edgell-Weg, Hubland, Frauenland, Würzburg, Bayern, 97074, Deutschland (49.780603150000005, 9.971655766351642)
2024-11-03 21:58 - INFO - E  JAEN01 - Universidad de Jaén, Calle de Ben Saprut, Jaén, Andalucía, 23009, España (37.78820865, -3.776633970633042)
2024-11-03 21:58 - INFO - E  MADRID04 - Universidad Autónoma de Madrid (U.A.M.) Campus de Cantoblanco, Calle de Kelsen, El Goloso, Fuencarral-El Pardo, Madrid, Comunidad de Madrid, 28049, España (40.5453765, -3.6949577655963672)
2024-11-03 21:58 - INFO - E  MALAGA01 - Universidad de Málaga, 2, Cruz de Humilladero, Málaga, Málaga-Costa del Sol, Málaga, Andalucía, 29071, España (36.7165576, -4.495336390634675)
2024-11-03 21:58 - INFO - EE TALLINN05 - Tallinna Ülikool, Tuukri, Sadama, Kesklinna linnaosa, Tallinn, Harju maakond, 10154, Eesti (59.4393125, 24.772347058941484)
2024-11-03 21:58 - INFO - F  ANGERS08 - None
2024-11-03 21:58 - INFO - F  TOULOUS15 - None
2024-11-03 21:58 - INFO - G  ATHINE41 - None
2024-11-03 21:58 - INFO - HR SPLIT01 - Sveučilište u Splitu, 31, Ruđera Boškovića, Pisano Kame, Split, Grad Split, 21111, Hrvatska (43.5109588, 16.4681525)
2024-11-03 21:58 - INFO - HR ZAGREB11 - Visoko učilište Algebra, 24, Gradišćanska ulica, Mjesni odbor "Bartol Kašić", Gradska četvrt Črnomerec, Zagreb, Grad Zagreb, 10000, Hrvatska (45.810512700000004, 15.941112901216494)
2024-11-03 21:58 - INFO - HU BUDAPES01 - Eötvös Loránd Tudományegyetem Bölcsészettudományi Kar, 4-8, Múzeum körút, Pest, Belváros, V. kerület, Budapest, Közép-Magyarország, 1088, Magyarország (47.4934799, 19.061899330588723)
2024-11-03 21:58 - INFO - I  CAMERIN01 - Università degli Studi di Camerino, Amandola, Fermo, Marche, 63857, Italia (43.13963305, 13.067215488690735)
2024-11-03 21:58 - INFO - I  TRIESTE01 - Università degli Studi di Trieste, Via dei Baiardi, Scoglietto, Roiano-Gretta-Barcola-Cologna-Scorcola, Conconello / Ferlugi, Trieste, Friuli-Venezia Giulia, 34127, Italia (45.6601694, 13.794792540211322)
2024-11-03 21:58 - INFO - I  URBINO01 - Sede centrale Università degli Studi di Urbino Carlo Bo, Viale Ferdinando Salvalai, Urbino, Pesaro e Urbino, Marche, 61029, Italia (43.7232299, 12.6366992)
2024-11-03 21:58 - INFO - LT KAUNAS01 - Vytauto Didžiojo universitetas, 28, S. Daukanto g., Naujamiestis, Centro seniūnija, Kaunas, Kauno miesto savivaldybė, Kauno apskritis, 44248, Lietuva (54.8984353, 23.91439374490837)
2024-11-03 21:58 - INFO - LV JELGAVA01 - Latvijas Lauksaimniecības universitāte, 43, Dobeles iela, Vecais gals, Jelgava, LV-3001, Latvija (56.6517532, 23.7136084)
2024-11-03 21:58 - INFO - P  LEIRIA01 - Rua General Norton de Matos, Quinta de São Bartolomeu, Cruz d'Areia, Leiria, Pousos, Barreira e Cortes, Leiria, 2410-272, Portugal (39.73708, -8.8106098)
2024-11-03 21:58 - INFO - PL CZESTOC01 - Politechnika Częstochowska, Księżycowa, Osiedle Tysiąclecia, Tysiąclecie, Częstochowa, 42-201, Polska (50.822852350000005, 19.115807327479168)
2024-11-03 21:58 - INFO - PL GDANSK01 - Uniwersytet Gdański, Doktora Władysława Paneckiego, VII Dwór, Gdańsk, województwo pomorskie, 80-306, Polska (54.396404950000004, 18.57400997579134)
2024-11-03 21:58 - INFO - PL LODZ01 - Uniwersytet Łódzki, Williama H. Lindleya, Śródmieście-Wschód, Fabryczna, Łódź-Śródmieście, Łódź, województwo łódzkie, 90-131, Polska (51.7713674, 19.474067719216052)
2024-11-03 21:58 - INFO - PL LODZ02 - Politechnika Łódzka, Profesora Bohdana Stefanowskiego, Stare Polesie, Politechniczna, Łódź-Polesie, Łódź, województwo łódzkie, 90-537, Polska (51.752577, 19.4529575)
2024-11-03 21:58 - INFO - PL OPOLE01 - Uniwersytet Opolski, 48, Oleska, Śródmieście, Opole, województwo opolskie, 45-052, Polska (50.673363949999995, 17.93144882718738)
2024-11-03 21:58 - INFO - PL POZNAN01 - None
2024-11-03 21:58 - INFO - PL SLUPSK01 - None
2024-11-03 21:58 - INFO - RO BUCURES09 - Universitatea din București, 4-12, Bulevardul Regina Elisabeta, Colțea, Centrul Istoric, Sector 3, București, 030018, România (44.43564445, 26.10092625223488)
2024-11-03 21:58 - INFO - RO BUCURES18 - Universitatea Româno-Americană, 1B, Bulevardul Expoziției, Domenii, Sector 1, București, 012101, România (44.472983799999994, 26.065691841236948)
2024-11-03 21:58 - INFO - RO TIMISOA01 - Universitatea de Vest din Timișoara, Bulevardul Vasile Pârvan, Elisabetin, Timișoara, Timiș, 300224, România (45.74732925, 21.23126099621941)
2024-11-03 21:58 - INFO - RS NOVISAD02 - Универзитет у Новом Саду, Др Илије Ђуричића, МЗ Лиман, Лиман, Нови Сад, Град Нови Сад, Јужнобачки управни округ, Војводина, 21101, Србија (45.246226, 19.851175531732203)
2024-11-03 21:58 - INFO - S  UMEA01 - Umeå universitet, Petrus Laestadius väg, Lilljansberget, Universitets- och sjukhusområdet, Umeå, Umeå kommun, Västerbottens län, 907 13, Sverige (63.82177625, 20.304316311493196)
2024-11-03 21:58 - INFO - S  UPPSALA01 - Uppsala universitet, Biskopsgatan, Främre Luthagen, Fjärdingen, Uppsala, Uppsala kommun, Uppsala län, 753 11, Sverige (59.8576902, 17.6297861)
2024-11-03 21:58 - INFO - SI KOPER03 - Univerza na primorskem, 4, Titov trg / Piazza Tito, Koper / Capodistria (naselje), Koper / Capodistria, Upravna enota Koper / Unità amministrativa Capodistria, 6000, Slovenija (45.5482932, 13.7293636)
2024-11-03 21:58 - INFO - SK BANSKA01 - Univerzita Mateja Bela v Banskej Bystrici, 739/12, Národná, Banská Bystrica, okres Banská Bystrica, Banskobystrický kraj, Stredné Slovensko, 974 04, Slovensko (48.73317955, 19.145530921337212)
2024-11-03 21:58 - INFO - SK BRATISL02 - Univerzita Komenského v Bratislave, Šafárikovo námestie, Príboj, Historické jadro, Bratislava, okres Bratislava I, Bratislava, Bratislavský kraj, 811 02, Slovensko (48.1412324, 17.1161819)
2024-11-03 21:58 - INFO - SK PRESOV01 - Prešovská univerzita v Prešove, Zápotockého, Sídlisko Duklianskych hrdinov, Staré mesto, Prešov, okres Prešov, Prešovský kraj, Východné Slovensko, 080 01, Slovensko (48.989434, 21.235015177927682)
2024-11-03 21:58 - INFO - SK RUZOMBE01 - Katolícka univerzita v Ružomberku - Pedagogická fakulta, 15, Bottova, Levoča, okres Levoča, Prešovský kraj, Východné Slovensko, 054 01, Slovensko (49.0223689, 20.5875762)
2024-11-03 21:58 - INFO - SK TRNAVA02 - None
2024-11-03 21:58 - INFO - TR ANTALYA01 - Akdeniz Üniversitesi, 12 Caddesi, Pınarbaşı Mahallesi, Konyaaltı, Antalya, Akdeniz Bölgesi, 07070, Türkiye (36.8937844, 30.650947292742977)
2024-11-03 21:58 - INFO - TR ANTALYA04 - None
2024-11-03 21:58 - INFO - TR CANAKKA01 - Çanakkale Onsekiz Mart Üniversitesi, İzmir Çanakkale Yolu, Barbaros Mahallesi, Çanakkale Merkez, Çanakkale, Marmara Bölgesi, 17100, Türkiye (40.1120066, 26.421464811380968)
2024-11-03 21:58 - INFO - TR ESKISEH03 - Eskişehir Teknik Üniversitesi 2 Eylül Kampüsü, Eskişehir- Sarıcakaya yolu, Gazipaşa Mahallesi, Tepebaşı, Eskişehir, İç Anadolu Bölgesi, 26220, Türkiye (39.8168591, 30.53174476235694)
2024-11-03 21:58 - INFO - TR IZMIR01 - Dokuz Eylül Üniversitesi, İzmir Çevre Yolu, Adatepe Mahallesi, Buca, İzmir, Ege Bölgesi, 35400, Türkiye (38.3669827, 27.2215606)
2024-11-03 21:58 - INFO - TR KARS01 - Kafkas Üniversitesi, Alparslan Türkeş Blv., Karacaören, Kars Merkez, Kars, Doğu Anadolu Bölgesi, 36000, Türkiye (40.58094665, 43.05656720268237)
2024-11-03 21:58 - INFO - TR TRABZON04 - Trabzon Üniversitesi İlahiyat Fakültesi, Rize Caddesi, Yalıncak Mahallesi, Çimenli Mahallesi, Ortahisar, Trabzon, Karadeniz Bölgesi, 61010, Türkiye (40.9853391, 39.81261147848775)
2024-11-03 21:58 - INFO - {'BG ROUSSE01': None, 'D  DORTMUN01': Location(Technische Universität Dortmund, Emil-Figge-Straße, Studentendorf Dortmund, Barop, Hombruch, Dortmund, Nordrhein-Westfalen, 44227, Deutschland, (51.49148435, 7.4122738886856805, 0.0)), 'D  DRESDEN02': Location(Technische Universität Dresden, Kreischa, Sächsische Schweiz-Osterzgebirge, Sachsen, 01731, Deutschland, (51.028276500000004, 13.735982754935176, 0.0)), 'D  GIESSEN01': Location(Justus-Liebig-Universität - Campusbereich Philosophikum I, 10, Otto-Behaghel-Straße, Schiffenberger Tal, Gießen, Linden, Landkreis Gießen, Hessen, 35394, Deutschland, (50.57630295, 8.694097864600673, 0.0)), 'D  KAISERS01': Location(Rheinland-Pfälzische Technische Universität, Campus Kaiserslautern, Gottlieb-Daimler-Straße, Uni-Wohnstadt, Kaiserslautern, Rheinland-Pfalz, 67663, Deutschland, (49.4246142, 7.754214153273509, 0.0)), 'D  KOTHEN01': Location(Hochschule Anhalt, Fasanerieallee, Köthen, Köthen (Anhalt), Anhalt-Bitterfeld, Sachsen-Anhalt, 06366, Deutschland, (51.754683150000005, 11.959005355601846, 0.0)), 'D  LEIPZIG01': Location(Universität Leipzig, Magazingasse, Zentrum, Mitte, Leipzig, Sachsen, 04109, Deutschland, (51.33845385, 12.37863856850984, 0.0)), 'D  ROSTOCK01': Location(Universität Rostock, Zingst, Vorpommern-Rügen, Mecklenburg-Vorpommern, 18374, Deutschland, (54.4309852, 12.6858664, 0.0)), 'D  SIGMARI01': Location(Gebäude 102, 51/2, Anton-Günther-Straße, Sigmaringen, Gemeindeverwaltungsverband Sigmaringen, Landkreis Sigmaringen, Baden-Württemberg, 72488, Deutschland, (48.088451, 9.239541205851939, 0.0)), 'D  WURZBUR01': Location(Universität Würzburg, Beatrice-Edgell-Weg, Hubland, Frauenland, Würzburg, Bayern, 97074, Deutschland, (49.780603150000005, 9.971655766351642, 0.0)), 'E  JAEN01': Location(Universidad de Jaén, Calle de Ben Saprut, Jaén, Andalucía, 23009, España, (37.78820865, -3.776633970633042, 0.0)), 'E  MADRID04': Location(Universidad Autónoma de Madrid (U.A.M.) Campus de Cantoblanco, Calle de Kelsen, El Goloso, Fuencarral-El Pardo, Madrid, Comunidad de Madrid, 28049, España, (40.5453765, -3.6949577655963672, 0.0)), 'E  MALAGA01': Location(Universidad de Málaga, 2, Cruz de Humilladero, Málaga, Málaga-Costa del Sol, Málaga, Andalucía, 29071, España, (36.7165576, -4.495336390634675, 0.0)), 'EE TALLINN05': Location(Tallinna Ülikool, Tuukri, Sadama, Kesklinna linnaosa, Tallinn, Harju maakond, 10154, Eesti, (59.4393125, 24.772347058941484, 0.0)), 'F  ANGERS08': None, 'F  TOULOUS15': None, 'G  ATHINE41': None, 'HR SPLIT01': Location(Sveučilište u Splitu, 31, Ruđera Boškovića, Pisano Kame, Split, Grad Split, 21111, Hrvatska, (43.5109588, 16.4681525, 0.0)), 'HR ZAGREB11': Location(Visoko učilište Algebra, 24, Gradišćanska ulica, Mjesni odbor "Bartol Kašić", Gradska četvrt Črnomerec, Zagreb, Grad Zagreb, 10000, Hrvatska, (45.810512700000004, 15.941112901216494, 0.0)), 'HU BUDAPES01': Location(Eötvös Loránd Tudományegyetem Bölcsészettudományi Kar, 4-8, Múzeum körút, Pest, Belváros, V. kerület, Budapest, Közép-Magyarország, 1088, Magyarország, (47.4934799, 19.061899330588723, 0.0)), 'I  CAMERIN01': Location(Università degli Studi di Camerino, Amandola, Fermo, Marche, 63857, Italia, (43.13963305, 13.067215488690735, 0.0)), 'I  TRIESTE01': Location(Università degli Studi di Trieste, Via dei Baiardi, Scoglietto, Roiano-Gretta-Barcola-Cologna-Scorcola, Conconello / Ferlugi, Trieste, Friuli-Venezia Giulia, 34127, Italia, (45.6601694, 13.794792540211322, 0.0)), 'I  URBINO01': Location(Sede centrale Università degli Studi di Urbino Carlo Bo, Viale Ferdinando Salvalai, Urbino, Pesaro e Urbino, Marche, 61029, Italia, (43.7232299, 12.6366992, 0.0)), 'LT KAUNAS01': Location(Vytauto Didžiojo universitetas, 28, S. Daukanto g., Naujamiestis, Centro seniūnija, Kaunas, Kauno miesto savivaldybė, Kauno apskritis, 44248, Lietuva, (54.8984353, 23.91439374490837, 0.0)), 'LV JELGAVA01': Location(Latvijas Lauksaimniecības universitāte, 43, Dobeles iela, Vecais gals, Jelgava, LV-3001, Latvija, (56.6517532, 23.7136084, 0.0)), 'P  LEIRIA01': Location(Rua General Norton de Matos, Quinta de São Bartolomeu, Cruz d'Areia, Leiria, Pousos, Barreira e Cortes, Leiria, 2410-272, Portugal, (39.73708, -8.8106098, 0.0)), 'PL CZESTOC01': Location(Politechnika Częstochowska, Księżycowa, Osiedle Tysiąclecia, Tysiąclecie, Częstochowa, 42-201, Polska, (50.822852350000005, 19.115807327479168, 0.0)), 'PL GDANSK01': Location(Uniwersytet Gdański, Doktora Władysława Paneckiego, VII Dwór, Gdańsk, województwo pomorskie, 80-306, Polska, (54.396404950000004, 18.57400997579134, 0.0)), 'PL LODZ01': Location(Uniwersytet Łódzki, Williama H. Lindleya, Śródmieście-Wschód, Fabryczna, Łódź-Śródmieście, Łódź, województwo łódzkie, 90-131, Polska, (51.7713674, 19.474067719216052, 0.0)), 'PL LODZ02': Location(Politechnika Łódzka, Profesora Bohdana Stefanowskiego, Stare Polesie, Politechniczna, Łódź-Polesie, Łódź, województwo łódzkie, 90-537, Polska, (51.752577, 19.4529575, 0.0)), 'PL OPOLE01': Location(Uniwersytet Opolski, 48, Oleska, Śródmieście, Opole, województwo opolskie, 45-052, Polska, (50.673363949999995, 17.93144882718738, 0.0)), 'PL POZNAN01': None, 'PL SLUPSK01': None, 'RO BUCURES09': Location(Universitatea din București, 4-12, Bulevardul Regina Elisabeta, Colțea, Centrul Istoric, Sector 3, București, 030018, România, (44.43564445, 26.10092625223488, 0.0)), 'RO BUCURES18': Location(Universitatea Româno-Americană, 1B, Bulevardul Expoziției, Domenii, Sector 1, București, 012101, România, (44.472983799999994, 26.065691841236948, 0.0)), 'RO TIMISOA01': Location(Universitatea de Vest din Timișoara, Bulevardul Vasile Pârvan, Elisabetin, Timișoara, Timiș, 300224, România, (45.74732925, 21.23126099621941, 0.0)), 'RS NOVISAD02': Location(Универзитет у Новом Саду, Др Илије Ђуричића, МЗ Лиман, Лиман, Нови Сад, Град Нови Сад, Јужнобачки управни округ, Војводина, 21101, Србија, (45.246226, 19.851175531732203, 0.0)), 'S  UMEA01': Location(Umeå universitet, Petrus Laestadius väg, Lilljansberget, Universitets- och sjukhusområdet, Umeå, Umeå kommun, Västerbottens län, 907 13, Sverige, (63.82177625, 20.304316311493196, 0.0)), 'S  UPPSALA01': Location(Uppsala universitet, Biskopsgatan, Främre Luthagen, Fjärdingen, Uppsala, Uppsala kommun, Uppsala län, 753 11, Sverige, (59.8576902, 17.6297861, 0.0)), 'SI KOPER03': Location(Univerza na primorskem, 4, Titov trg / Piazza Tito, Koper / Capodistria (naselje), Koper / Capodistria, Upravna enota Koper / Unità amministrativa Capodistria, 6000, Slovenija, (45.5482932, 13.7293636, 0.0)), 'SK BANSKA01': Location(Univerzita Mateja Bela v Banskej Bystrici, 739/12, Národná, Banská Bystrica, okres Banská Bystrica, Banskobystrický kraj, Stredné Slovensko, 974 04, Slovensko, (48.73317955, 19.145530921337212, 0.0)), 'SK BRATISL02': Location(Univerzita Komenského v Bratislave, Šafárikovo námestie, Príboj, Historické jadro, Bratislava, okres Bratislava I, Bratislava, Bratislavský kraj, 811 02, Slovensko, (48.1412324, 17.1161819, 0.0)), 'SK PRESOV01': Location(Prešovská univerzita v Prešove, Zápotockého, Sídlisko Duklianskych hrdinov, Staré mesto, Prešov, okres Prešov, Prešovský kraj, Východné Slovensko, 080 01, Slovensko, (48.989434, 21.235015177927682, 0.0)), 'SK RUZOMBE01': Location(Katolícka univerzita v Ružomberku - Pedagogická fakulta, 15, Bottova, Levoča, okres Levoča, Prešovský kraj, Východné Slovensko, 054 01, Slovensko, (49.0223689, 20.5875762, 0.0)), 'SK TRNAVA02': None, 'TR ANTALYA01': Location(Akdeniz Üniversitesi, 12 Caddesi, Pınarbaşı Mahallesi, Konyaaltı, Antalya, Akdeniz Bölgesi, 07070, Türkiye, (36.8937844, 30.650947292742977, 0.0)), 'TR ANTALYA04': None, 'TR CANAKKA01': Location(Çanakkale Onsekiz Mart Üniversitesi, İzmir Çanakkale Yolu, Barbaros Mahallesi, Çanakkale Merkez, Çanakkale, Marmara Bölgesi, 17100, Türkiye, (40.1120066, 26.421464811380968, 0.0)), 'TR ESKISEH03': Location(Eskişehir Teknik Üniversitesi 2 Eylül Kampüsü, Eskişehir- Sarıcakaya yolu, Gazipaşa Mahallesi, Tepebaşı, Eskişehir, İç Anadolu Bölgesi, 26220, Türkiye, (39.8168591, 30.53174476235694, 0.0)), 'TR IZMIR01': Location(Dokuz Eylül Üniversitesi, İzmir Çevre Yolu, Adatepe Mahallesi, Buca, İzmir, Ege Bölgesi, 35400, Türkiye, (38.3669827, 27.2215606, 0.0)), 'TR KARS01': Location(Kafkas Üniversitesi, Alparslan Türkeş Blv., Karacaören, Kars Merkez, Kars, Doğu Anadolu Bölgesi, 36000, Türkiye, (40.58094665, 43.05656720268237, 0.0)), 'TR TRABZON04': Location(Trabzon Üniversitesi İlahiyat Fakültesi, Rize Caddesi, Yalıncak Mahallesi, Çimenli Mahallesi, Ortahisar, Trabzon, Karadeniz Bölgesi, 61010, Türkiye, (40.9853391, 39.81261147848775, 0.0))}
2024-11-03 21:58 - INFO - Fetched geocoords.
2024-11-03 21:58 - INFO - shape: (5, 8)
┌─────────────────────────────────┬──────────────┬───────────┬──────────────────────┬─────────────────────────────────┬─────────────────────────────────┬────────────────────┬────────────────────┐
│ Univerzita                      ┆ ERASMUS CODE ┆ Město     ┆ Stát                 ┆ Obory                           ┆ URL                             ┆ Longtitude         ┆ Latitude           │
│ ---                             ┆ ---          ┆ ---       ┆ ---                  ┆ ---                             ┆ ---                             ┆ ---                ┆ ---                │
│ str                             ┆ str          ┆ str       ┆ str                  ┆ str                             ┆ str                             ┆ str                ┆ str                │
╞═════════════════════════════════╪══════════════╪═══════════╪══════════════════════╪═════════════════════════════════╪═════════════════════════════════╪════════════════════╪════════════════════╡
│ Akdeniz Üniversitesi            ┆ TR ANTALYA01 ┆ Antalya   ┆ Turecká republika    ┆ Biologické a příbuzné vědy      ┆ http://www.akdeniz.edu.tr       ┆ 30.650947292742977 ┆ 36.8937844         │
│ ALANYA HEP UNIVERSITY           ┆ TR ANTALYA04 ┆ Alanya    ┆ Turecká republika    ┆ Informační a komunikační techn… ┆ https://www.alanyauniversity.e… ┆ null               ┆ null               │
│ ALGEBRA UNIVERSITY COLLEGE      ┆ HR ZAGREB11  ┆ ZAGREB    ┆ Chorvatská republika ┆ Informační a komunikační techn… ┆ https://www.algebra.hr          ┆ 15.941112901216494 ┆ 45.810512700000004 │
│ Canakkale Onsekiz Mart Ünivers… ┆ TR CANAKKA01 ┆ Canakkale ┆ Turecká republika    ┆ Biologické a příbuzné vědy – o… ┆ www.comu.edu.tr                 ┆ 26.421464811380968 ┆ 40.1120066         │
│ Dokuz Eylül Üniversitesi, Izmi… ┆ TR IZMIR01   ┆ Izmir     ┆ Turecká republika    ┆ Biologické a příbuzné vědy, Ma… ┆ http://www.deu.edu.tr           ┆ 27.2215606         ┆ 38.3669827         │
└─────────────────────────────────┴──────────────┴───────────┴──────────────────────┴─────────────────────────────────┴─────────────────────────────────┴────────────────────┴────────────────────┘
2024-11-03 21:58 - INFO - Done!
